icmp_seq,rtt_ms
1,34.9
2,35.3
3,35.2
4,34.8
5,34.0
6,33.8
7,33.1
8,33.0
9,31.8
10,32.7
11,30.5
12,45.7
13,34.9
14,34.0
15,34.0
16,34.3
17,32.7
18,32.5
19,32.3
20,31.4
21,36.2
22,36.0
23,36.6
24,36.0
25,36.5
26,35.9
27,35.4
28,36.8
29,35.2
30,39.6
31,33.8
32,33.9
33,38.9
34,34.2
35,33.3
36,34.1
37,33.3
38,32.7
39,31.8
40,31.6
41,35.8
42,30.9
43,36.1
44,35.5
45,35.1
46,34.5
47,34.6
48,34.2
49,33.6
50,33.4
51,32.8
52,32.2
53,36.3
54,35.1
55,34.8
56,34.9
57,33.1
58,31.4
59,35.6
60,34.4
61,33.8
62,32.2
63,30.5
64,44.2
65,33.3
66,31.7
67,35.6
68,34.2
69,33.5
70,32.2
71,35.4
72,34.1
73,33.6
74,32.7
75,31.7
76,35.9
77,35.9
78,33.4
79,32.8
80,30.6
81,35.1
82,34.8
83,31.3
84,35.5
85,49.7
86,33.5
87,32.3
88,31.2
89,35.4
90,33.7
91,32.5
92,35.8
93,33.7
94,32.1
95,31.9
96,46.0
97,33.7
98,32.1
99,36.1
100,35.4
101,35.0
102,33.0
103,32.1
104,34.9
105,33.8
106,33.2
107,32.2
108,31.2
109,35.5
110,34.1
111,32.9
112,31.7
113,36.0
114,34.2
115,33.1
116,32.3
117,34.0
118,33.2
119,32.6
120,31.9
121,35.7
122,33.7
123,32.2
124,35.4
125,34.4
126,33.0
127,36.5
128,33.9
129,33.4
130,31.1
131,35.7
132,34.1
133,33.5
134,32.1
135,35.5
136,34.3
137,53.9
138,31.6
139,35.5
140,34.3
141,32.2
142,36.2
143,34.2
144,33.1
145,32.6
146,35.7
147,34.4
148,32.7
149,32.0
150,35.7
151,34.4
152,34.0
153,32.8
154,32.0
155,35.0
156,34.2
157,33.7
158,32.9
159,31.8
160,35.0
161,34.1
162,32.6
163,31.8
164,35.7
165,33.5
166,32.0
167,31.2
168,35.6
169,34.4
170,32.9
171,33.1
172,32.0
173,30.9
174,34.3
175,33.2
176,33.1
177,33.1
178,35.1
179,34.2
180,33.2
181,41.6
182,35.3
183,33.4
184,32.7
185,31.3
186,35.0
187,33.6
188,33.1
189,31.9
190,35.5
191,32.8
192,32.8
193,31.4
194,35.1
195,54.1
196,33.2
197,31.8
198,35.1
199,33.6
200,31.2
201,34.9
202,34.6
203,34.9
204,32.1
205,31.7
206,35.8
207,34.1
208,32.9
209,32.0
210,31.4
211,34.9
212,33.2
213,31.6
214,35.8
215,34.5
216,32.7
217,31.6
218,31.3
219,33.6
220,41.9
221,36.3
222,34.3
223,32.7
224,31.1
225,35.4
226,34.1
227,32.2
228,35.8
229,18.8
230,32.1
231,36.1
232,34.9
233,54.0
234,32.3
235,37.2
236,34.2
237,32.8
238,37.1
239,35.6
240,33.8
241,33.1
242,36.3
243,35.0
244,33.8
245,31.6
246,31.3
247,35.0
248,33.8
249,32.0
250,35.0
251,33.9
252,33.1
253,41.1
254,36.1
255,34.1
256,32.7
257,31.0
258,34.9
259,34.8
260,33.0
261,32.4
262,35.4
263,34.1
264,32.9
265,32.0
266,31.5
267,35.1
268,43.2
269,32.0
270,35.8
271,34.0
272,33.3
273,36.0
274,35.7
275,43.7
276,33.1
277,36.7
278,35.2
279,33.9
280,32.5
281,32.8
282,36.0
283,35.1
284,32.5
285,32.0
286,34.7
287,33.2
288,31.2
289,34.8
290,33.5
291,41.9
292,35.4
293,33.7
294,32.0
295,31.3
296,35.1
297,34.3
298,33.0
299,31.4
300,35.1
301,34.0
302,33.6
303,32.5
304,30.9
305,34.7
306,33.8
307,32.3
308,35.9
309,33.3
310,32.2
311,36.2
312,34.4
313,33.6
314,32.0
315,31.2
316,35.0
317,33.5
318,41.4
319,35.5
320,33.5
321,32.7
322,31.7
323,35.9
324,34.5
325,32.8
326,31.0
327,32.0
328,34.1
329,27.5
330,32.9
331,35.7
332,33.6
333,32.6
334,31.8
335,35.5
336,34.4
337,32.3
338,35.0
339,34.0
340,32.9
341,30.7
342,34.2
343,33.1
344,35.9
345,35.1
346,33.5
347,32.5
348,34.7
349,34.7
350,32.5
351,36.1
352,35.0
353,32.7
354,36.5
355,34.8
356,33.1
357,32.3
358,35.3
359,34.5
360,32.3
361,35.2
362,34.3
363,32.3
364,35.9
365,34.3
366,32.2
367,36.3
368,34.1
369,32.4
370,35.3
371,38.8
372,32.4
373,35.5
374,32.6
375,31.3
376,36.2
377,34.7
378,32.0
379,31.4
380,35.0
381,32.9
382,32.0
383,34.8
384,34.3
385,32.0
386,35.6
387,35.3
388,32.2
389,32.2
390,30.8
391,34.5
392,32.9
393,51.1
394,34.6
395,33.4
396,32.2
397,36.1
398,43.7
399,32.3
400,30.9
401,34.5
402,32.9
403,36.5
404,36.7
405,33.9
406,32.3
407,35.1
408,34.1
409,32.9
410,31.5
411,35.7
412,35.2
413,32.5
414,35.3
415,33.6
416,31.9
417,36.8
418,34.9
419,34.2
420,32.6
421,36.3
422,34.7
423,33.5
424,32.2
425,34.7
426,43.1
427,31.9
428,35.8
429,35.1
430,33.5
431,32.0
432,36.4
433,34.8
434,33.5
435,32.5
436,35.6
437,33.6
438,32.8
439,31.2
440,35.3
441,33.0
442,36.3
443,34.4
444,33.0
445,32.5
446,31.4
447,34.5
448,33.7
449,32.1
450,31.8
451,34.0
452,33.0
453,31.7
454,35.9
455,34.2
456,32.7
457,31.5
458,34.2
459,32.8
460,35.7
461,33.9
462,32.5
463,30.8
464,34.3
465,32.9
466,31.2
467,34.1
468,32.7
469,35.4
470,34.1
471,32.5
472,31.3
473,35.3
474,33.0
475,31.1
476,34.9
477,33.6
478,32.2
479,36.4
480,33.0
481,32.1
482,31.2
483,36.0
484,33.9
485,33.0
486,51.4
487,34.4
488,34.0
489,32.4
490,45.5
491,18.5
492,32.4
493,35.2
494,33.3
495,32.0
496,30.7
497,34.1
498,32.6
499,31.1
500,33.8
501,32.8
502,36.0
503,35.5
504,33.4
505,33.2
506,31.3
507,35.6
508,35.0
509,32.3
510,31.2
511,34.3
512,33.1
513,35.9
514,35.5
515,35.0
516,32.0
517,36.3
518,34.9
519,33.5
520,31.3
521,35.2
522,33.5
523,32.1
524,35.2
525,34.1
526,32.0
527,35.4
528,33.9
529,32.8
530,31.3
531,34.7
532,32.8
533,36.1
534,34.6
535,33.1
536,31.9
537,35.6
538,34.0
539,34.9
540,31.3
541,35.1
542,33.2
543,31.7
544,35.4
545,33.8
546,32.7
547,35.8
548,33.4
549,32.3
550,35.9
551,35.0
552,43.8
553,32.1
554,35.1
555,36.6
556,32.8
557,20.7
558,33.2
559,32.7
560,31.8
561,35.2
562,32.9
563,32.5
564,35.6
565,33.3
566,32.1
567,35.0
568,34.3
569,32.6
570,36.1
571,39.2
572,32.9
573,31.7
574,35.8
575,34.4
576,33.2
577,31.5
578,35.9
579,33.6
580,41.5
581,35.4
582,33.9
583,33.2
584,32.6
585,35.6
586,34.3
587,32.7
588,31.5
589,35.3
590,44.5
591,33.5
592,32.7
593,35.8
594,35.1
595,33.1
596,31.1
597,35.3
598,43.8
599,32.4
600,35.7
601,34.6
602,33.1
603,32.0
604,31.0
605,34.9
606,34.1
607,33.5
608,46.3
609,34.1
610,32.8
611,30.6
612,34.4
613,33.5
614,32.0
615,30.5
616,34.6
617,43.5
618,32.7
619,35.5
620,33.8
621,32.2
622,36.3
623,34.9
624,33.9
625,32.4
626,30.7
627,34.3
628,32.7
629,35.7
630,34.3
631,32.9
632,32.8
633,31.9
634,32.6
635,36.0
636,34.7
637,32.6
638,35.6
639,34.0
640,33.1
641,32.6
642,31.1
643,35.5
644,34.4
645,32.2
646,45.5
647,34.3
648,32.9
649,36.2
650,35.1
651,33.8
652,32.7
653,32.7
654,35.5
655,35.9
656,33.6
657,32.4
658,31.4
659,34.1
660,32.3
661,31.6
662,35.0
663,34.3
664,33.3
665,31.6
666,35.0
667,33.5
668,32.1
669,36.2
670,34.7
671,33.8
672,33.5
673,35.5
674,34.7
675,33.7
676,32.4
677,35.7
678,34.4
679,32.8
680,32.0
681,35.8
682,33.4
683,32.7
684,32.0
685,35.5
686,34.3
687,32.4
688,31.3
689,35.2
690,33.2
691,31.8
692,34.9
693,55.0
694,33.4
695,31.5
696,35.8
697,34.9
698,33.5
699,32.0
700,35.1
701,33.9
702,32.8
703,37.6
704,35.5
705,35.5
706,34.7
707,33.0
708,31.8
709,35.5
710,34.2
711,32.3
712,31.6
713,35.0
714,34.3
715,32.7
716,36.0
717,34.5
718,33.1
719,31.9
720,35.9
721,35.4
722,34.6
723,33.7
724,32.3
725,36.0
726,34.2
727,33.1
728,32.8
729,30.9
730,35.2
731,33.5
732,32.5
733,35.9
734,35.1
735,35.1
736,35.3
737,34.8
738,34.7
739,34.9
740,34.5
741,34.3
742,34.2
743,33.5
744,33.9
745,32.6
746,31.7
747,32.5
748,31.5
749,31.3
750,36.1
751,31.5
752,31.6
753,31.2
754,45.7
755,35.7
756,35.0
757,34.8
758,33.8
759,33.3
760,33.1
761,32.9
762,32.3
763,32.1
764,31.3
765,31.5
766,30.7
767,20.3
768,34.8
769,34.5
770,33.8
771,33.5
772,33.2
773,32.2
774,32.7
775,32.5
776,31.9
777,31.5
778,32.2
779,31.6
780,31.4
781,31.9
782,36.0
783,31.4
784,31.9
785,31.7
786,36.3
787,31.5
788,35.4
789,34.5
790,33.8
791,33.6
792,33.1
793,32.7
794,32.8
795,31.3
796,35.8
797,35.0
798,34.6
799,33.4
800,32.1
801,32.6
802,36.8
803,35.3
804,34.3
805,33.8
806,34.3
807,32.9
808,33.0
809,32.2
810,31.0
811,34.7
812,34.2
813,31.6
814,35.1
815,32.9
816,21.7
817,34.7
818,33.2
819,35.9
820,35.1
821,33.0
822,30.6
823,34.1
824,32.6
825,46.2
826,23.8
827,36.8
828,35.6
829,33.9
830,33.4
831,45.3
832,34.2
833,32.6
834,31.0
835,34.9
836,32.7
837,35.6
838,33.5
839,31.5
840,34.1
841,33.0
842,34.0
843,35.0
844,33.1
845,31.4
846,34.3
847,32.5
848,31.4
849,34.4
850,32.7
851,36.9
852,31.1
853,34.1
854,32.6
855,31.9
856,34.3
857,33.2
858,35.8
859,33.8
860,31.2
861,35.7
862,33.7
863,31.5
864,35.3
865,33.3
866,31.7
867,35.0
868,33.9
869,31.9
870,35.5
871,33.4
872,32.3
873,34.8
874,33.2
875,30.9
876,35.0
877,34.2
878,32.3
879,36.2
880,34.0
881,32.6
882,35.7
883,35.1
884,33.4
885,33.2
886,36.0
887,35.2
888,33.2
889,32.4
890,35.7
891,35.1
892,32.6
893,31.5
894,35.3
895,33.2
896,35.4
897,33.8
898,33.2
899,31.3
900,34.7
901,33.7
902,32.0
903,31.0
904,34.5
905,37.7
906,31.6
907,36.0
908,33.8
909,32.7
910,31.6
911,34.9
912,34.8
913,33.4
914,33.5
915,35.5
916,33.8
917,31.6
918,35.4
919,34.3
920,33.0
921,31.6
922,35.3
923,33.2
924,31.3
925,34.9
926,32.9
927,41.2
928,35.1
929,38.5
930,32.8
931,36.3
932,34.0
933,32.8
934,35.8
935,34.8
936,33.7
937,32.4
938,31.0
939,34.7
940,33.5
941,31.8
942,35.6
943,35.0
944,34.0
945,31.9
946,35.3
947,33.6
948,31.9
949,35.5
950,33.5
951,32.2
952,35.0
953,33.9
954,32.7
955,41.0
956,34.1
957,33.0
958,31.9
959,36.0
960,33.6
961,32.0
962,35.9
963,34.6
964,33.6
965,32.3
966,35.8
967,34.0
968,32.7
969,36.4
970,33.9
971,32.9
972,31.1
973,34.8
974,33.7
975,32.0
976,30.8
977,35.8
978,34.5
979,32.9
980,32.3
981,45.3
982,34.1
983,33.3
984,31.2
985,35.3
986,32.9
987,32.1
988,35.4
989,34.0
990,32.6
991,36.6
992,35.1
993,33.7
994,32.4
995,30.9
996,34.0
997,33.1
998,32.4
999,34.3
1000,33.2
