direction,t_start_s,t_end_s,throughput_mbps,retransmits,cwnd_kb
DL,0.0,5.004064,1.4668141490813618,0,0.0
DL,5.004064,10.004068,1.6777203200009765,0,0.0
DL,10.004068,15.004932,1.4677527638297978,0,0.0
DL,15.004932,20.005022,1.6776913605450494,0,0.0
DL,20.005022,25.005039,1.4680013600173034,0,0.0
DL,25.005039,30.005022,1.4680114400173034,0,0.0
DL,30.005022,35.005021,1.2582914400000458,0,0.0
DL,35.005021,40.004071,1.6780403805593562,0,0.0
DL,40.004071,45.004072,1.677721280000061,0,0.0
DL,45.004072,50.004242,1.6776644819446511,0,0.0
DL,50.004242,55.003872,1.6778457691891566,0,0.0
DL,55.003872,60.004062,1.4679506821148411,0,0.0
DL,60.004062,65.004065,1.677720640000549,0,0.0
DL,65.004065,70.00406,1.8874386000017165,0,0.0
DL,70.00406,75.004064,1.6777203200009765,0,0.0
DL,75.004064,80.004066,1.8874360800002743,0,0.0
DL,80.004066,85.004064,1.8874375200002744,0,0.0
DL,85.004064,90.004058,1.887439140002901,0,0.0
DL,90.004058,95.004064,1.887434460002901,0,0.0
DL,95.004064,100.00406,1.8874382400010987,0,0.0
DL,100.00406,105.004059,1.8874371600000688,0,0.0
DL,105.004059,110.004061,1.8874360800002743,0,0.0
DL,110.004061,115.004061,2.097152,0,0.0
DL,115.004061,120.004061,1.8874368,0,0.0
DL,120.004061,125.004058,2.0971532000006867,0,0.0
DL,125.004058,130.004183,2.097099601309248,0,0.0
DL,130.004183,135.003885,2.0972770074510247,0,0.0
DL,135.003885,140.004143,2.097043805582159,0,0.0
DL,140.004143,145.005031,2.096779666116876,0,0.0
DL,145.005031,150.005027,2.306868960001343,0,0.0
DL,150.005027,155.003875,2.3073988424945324,0,0.0
DL,155.003875,160.004062,2.3067809632238783,0,0.0
DL,160.004062,165.004063,2.306866760000084,0,0.0
DL,165.004063,170.00406,2.0971532000006867,0,0.0
DL,170.00406,175.004066,2.516579280003868,0,0.0
DL,175.004066,180.004064,2.306868080000336,0,0.0
DL,180.004064,185.004061,2.516583840000824,0,0.0
DL,185.004061,190.004065,2.306865440001343,0,0.0
DL,190.004065,195.004059,2.5165855200038685,0,0.0
DL,195.004059,200.004062,2.516580960000824,0,0.0
DL,200.004062,205.004061,2.516582880000092,0,0.0
DL,205.004061,210.004063,2.5165814400003663,0,0.0
DL,210.004063,215.004063,2.7262976,0,0.0
DL,215.004063,220.004066,2.0971508000006867,0,0.0
DL,220.004066,225.004063,2.3068685200007555,0,0.0
DL,225.004063,230.004064,2.097151600000076,0,0.0
DL,230.004064,235.004065,2.726297080000099,0,0.0
DL,235.004065,240.004062,2.3068685200007555,0,0.0
DL,240.004062,245.004062,2.3068672,0,0.0
DL,245.004062,250.004065,2.516580960000824,0,0.0
DL,250.004065,255.00406,2.516584800002289,0,0.0
DL,255.00406,260.004063,2.726296040000893,0,0.0
DL,260.004063,265.004062,2.097152400000076,0,0.0
DL,265.004062,270.004066,2.516580480001465,0,0.0
DL,270.004066,275.004066,2.3068672,0,0.0
DL,275.004066,280.004063,2.0971532000006867,0,0.0
DL,280.004063,285.004069,2.306864340003546,0,0.0
DL,285.004069,290.004065,2.516584320001465,0,0.0
DL,290.004065,295.004057,2.306870940006063,0,0.0
DL,295.004057,300.004065,2.5165783200066145,0,0.0
DL,300.004065,305.004065,2.5165824,0,0.0
DL,305.004065,310.004065,2.097152,0,0.0
DL,310.004065,315.004064,2.516582880000092,0,0.0
DL,315.004064,320.004062,2.516583360000366,0,0.0
DL,320.004062,325.004063,2.516581920000092,0,0.0
DL,325.004063,330.004063,2.5165824,0,0.0
DL,330.004063,335.004064,2.516581920000092,0,0.0
DL,335.004064,340.004065,2.516581920000092,0,0.0
DL,340.004065,345.004062,2.516583840000824,0,0.0
DL,345.004062,350.004065,2.726296040000893,0,0.0
DL,350.004065,355.004057,2.5165864800066147,0,0.0
DL,355.004057,360.004062,2.5165800000022887,0,0.0
DL,360.004062,365.004059,2.726299160000893,0,0.0
DL,365.004059,370.004062,2.306865880000755,0,0.0
DL,370.004062,375.004063,2.726297080000099,0,0.0
DL,375.004063,380.004058,2.516584800002289,0,0.0
DL,380.004058,385.00406,2.5165814400003663,0,0.0
DL,385.00406,390.004062,2.7262965600003968,0,0.0
DL,390.004062,395.004058,2.516584320001465,0,0.0
DL,395.004058,400.004059,2.726297080000099,0,0.0
DL,400.004059,405.004069,2.726292140010935,0,0.0
DL,405.004069,410.005035,2.7257709417579647,0,0.0
DL,410.005035,415.003875,2.726930326810945,0,0.0
DL,415.003875,420.005031,2.516000774454758,0,0.0
DL,420.005031,425.005028,2.516583840000824,0,0.0
DL,425.005028,430.005028,2.9360128,0,0.0
DL,430.005028,435.003932,2.7268952109690483,0,0.0
DL,435.003932,440.005023,2.51603339979222,0,0.0
DL,440.005023,445.005026,2.726296040000893,0,0.0
DL,445.005026,450.005039,2.726290580018076,0,0.0
DL,450.005039,455.003887,2.726925904766265,0,0.0
DL,455.003887,460.00503,2.7256745224328736,0,0.0
DL,460.00503,465.005026,2.726299680001587,0,0.0
DL,465.005026,470.005067,2.51656176016928,0,0.0
DL,470.005067,475.00391,2.517164774739028,0,0.0
DL,475.00391,480.005021,2.516023324230056,0,0.0
DL,480.005021,485.005022,2.726297080000099,0,0.0
DL,485.005022,490.005014,2.5165864800066147,0,0.0
DL,490.005014,495.003873,2.93668299294759,0,0.0
DL,495.003873,500.005083,2.725637879680383,0,0.0
DL,500.005083,505.005023,2.726330360393659,0,0.0
DL,505.005023,510.005044,2.726286160048004,0,0.0
DL,510.005044,515.003876,2.7269344887484497,0,0.0
DL,515.003876,520.004154,2.72614602842726,0,0.0
DL,520.004154,525.005076,2.725794852727015,0,0.0
DL,525.005076,530.005032,2.9360385602260157,0,0.0
DL,530.005032,535.003899,2.7269155000118284,0,0.0
DL,535.003899,540.00406,2.935918163050545,0,0.0
DL,540.00406,545.00406,3.145728,0,0.0
DL,545.00406,550.004158,2.726244041052203,0,0.0
DL,550.004158,555.003872,3.355635210986957,0,0.0
DL,555.003872,560.004062,2.9359013642296823,0,0.0
DL,560.004062,565.004061,2.726298120000099,0,0.0
DL,565.004061,570.004062,2.726297080000099,0,0.0
DL,570.004062,575.004058,2.516584320001465,0,0.0
DL,575.004058,580.004061,2.726296040000893,0,0.0
DL,580.004061,585.004064,2.516580960000824,0,0.0
DL,585.004064,590.004065,2.516581920000092,0,0.0
DL,590.004065,595.004059,2.936016440004513,0,0.0
DL,595.004059,600.004066,2.726293700005579,0,0.0
